ratio_variant,data_quantity_min,layer_thr,msw_thr,x,n_rows,pct_no_snow,pct_ground,pct_both,accuracy
exclude_nans,10,10,10,1.0,910,59.78021978021978,25.934065934065938,14.285714285714285,0.9351648351648352
exclude_nans,10,10,10,1.05,894,59.172259507829985,26.286353467561526,14.541387024608502,0.9351230425055929
exclude_nans,10,10,10,1.1,884,58.93665158371041,26.35746606334842,14.705882352941178,0.9366515837104072
exclude_nans,10,10,10,1.15,867,58.36216839677048,26.643598615916954,14.994232987312571,0.936562860438293
exclude_nans,10,10,10,1.2,854,57.96252927400468,26.93208430913349,15.105386416861826,0.936768149882904
exclude_nans,10,10,10,1.25,842,57.36342042755345,27.315914489311165,15.320665083135394,0.9358669833729216
exclude_nans,10,10,10,1.3,824,56.79611650485437,27.791262135922327,15.4126213592233,0.9405339805825242
exclude_nans,10,10,10,1.35,809,56.118665018541414,28.182941903584673,15.698393077873918,0.9406674907292955
exclude_nans,10,10,10,1.4,790,55.18987341772152,28.73417721518987,16.075949367088608,0.9329113924050633
exclude_nans,10,10,10,1.45,771,54.08560311284047,29.442282749675748,16.472114137483786,0.9364461738002594
exclude_nans,10,10,10,1.5,751,53.12916111850865,29.96005326231691,16.910785619174433,0.9307589880159787
exclude_nans,10,10,10,1.55,731,52.1203830369357,30.506155950752394,17.373461012311903,0.9288645690834473
exclude_nans,10,10,10,1.6,708,51.271186440677965,30.93220338983051,17.796610169491526,0.9265536723163842
exclude_nans,10,10,10,1.65,680,49.26470588235294,32.20588235294118,18.529411764705884,0.9264705882352942
exclude_nans,10,10,10,1.7,653,47.32006125574272,33.537519142419605,19.142419601837673,0.9249617151607963
exclude_nans,10,10,10,1.75,623,45.26484751203853,34.831460674157306,19.903691813804173,0.9293739967897271
exclude_nans,10,10,10,1.8,594,43.26599326599327,36.02693602693603,20.707070707070706,0.9276094276094277
exclude_nans,10,10,10,1.85,568,41.021126760563384,37.32394366197183,21.654929577464788,0.9172535211267606
exclude_nans,10,10,10,1.9,538,38.28996282527881,39.21933085501858,22.490706319702603,0.9070631970260223
exclude_nans,10,10,10,1.95,515,35.92233009708738,40.58252427184466,23.495145631067963,0.9048543689320389
exclude_nans,10,10,10,2.0,499,34.2685370741483,41.48296593186373,24.248496993987974,0.9098196392785571
exclude_nans,11,10,10,1.0,906,59.82339955849889,26.048565121412803,14.1280353200883,0.934878587196468
exclude_nans,11,10,10,1.05,891,59.25925925925925,26.374859708193043,14.365881032547701,0.9349046015712682
exclude_nans,11,10,10,1.1,881,59.02383654937571,26.4472190692395,14.52894438138479,0.9353007945516458
exclude_nans,11,10,10,1.15,864,58.44907407407407,26.73611111111111,14.814814814814813,0.9386574074074074
exclude_nans,11,10,10,1.2,851,58.049353701527615,27.027027027027028,14.923619271445359,0.9388954171562868
exclude_nans,11,10,10,1.25,839,57.44934445768772,27.413587604290825,15.137067938021453,0.9380214541120382
exclude_nans,11,10,10,1.3,821,56.881851400730824,27.892813641900123,15.225334957369064,0.9415347137637028
exclude_nans,11,10,10,1.35,806,56.203473945409435,28.287841191067,15.508684863523573,0.9416873449131513
exclude_nans,11,10,10,1.4,787,55.27318932655655,28.843710292249046,15.88310038119441,0.9339263024142312
exclude_nans,11,10,10,1.45,768,54.166666666666664,29.557291666666668,16.276041666666664,0.9348958333333334
exclude_nans,11,10,10,1.5,748,53.20855614973262,30.080213903743314,16.711229946524064,0.929144385026738
exclude_nans,11,10,10,1.55,729,52.2633744855967,30.589849108367627,17.146776406035666,0.9272976680384087
exclude_nans,11,10,10,1.6,707,51.34370579915134,30.975954738330973,17.68033946251768,0.9278642149929278
exclude_nans,11,10,10,1.65,679,49.337260677466865,32.253313696612665,18.409425625920473,0.9263622974963182
exclude_nans,11,10,10,1.7,652,47.392638036809814,33.58895705521473,19.018404907975462,0.9248466257668712
exclude_nans,11,10,10,1.75,622,45.337620578778136,34.88745980707396,19.774919614147908,0.9292604501607717
exclude_nans,11,10,10,1.8,593,43.3389544688027,36.08768971332209,20.57335581787521,0.9308600337268128
exclude_nans,11,10,10,1.85,567,41.09347442680776,37.38977072310406,21.516754850088184,0.9223985890652557
exclude_nans,11,10,10,1.9,537,38.361266294227185,39.29236499068901,22.3463687150838,0.9143389199255121
exclude_nans,11,10,10,1.95,514,35.992217898832685,40.66147859922179,23.346303501945524,0.9105058365758755
exclude_nans,11,10,10,2.0,498,34.33734939759036,41.566265060240966,24.096385542168676,0.9156626506024096
exclude_nans,12,10,10,1.0,899,60.06674082313682,25.806451612903224,14.126807563959956,0.9365962180200222
exclude_nans,12,10,10,1.05,884,59.502262443438916,26.131221719457017,14.366515837104071,0.9355203619909502
exclude_nans,12,10,10,1.1,874,59.26773455377574,26.20137299771167,14.530892448512587,0.9347826086956522
exclude_nans,12,10,10,1.15,857,58.69311551925321,26.487747957992998,14.819136522753793,0.9393232205367561
exclude_nans,12,10,10,1.2,844,58.29383886255924,26.77725118483412,14.928909952606634,0.9383886255924171
exclude_nans,12,10,10,1.25,832,57.692307692307686,27.163461538461537,15.144230769230768,0.9375
exclude_nans,12,10,10,1.3,814,57.125307125307124,27.64127764127764,15.233415233415235,0.9422604422604423
exclude_nans,12,10,10,1.35,799,56.44555694618273,28.035043804755944,15.519399249061328,0.9424280350438048
exclude_nans,12,10,10,1.4,780,55.51282051282052,28.589743589743588,15.897435897435896,0.9333333333333333
exclude_nans,12,10,10,1.45,761,54.402102496714846,29.303547963206306,16.29434954007884,0.9316688567674113
exclude_nans,12,10,10,1.5,741,53.441295546558706,29.82456140350877,16.734143049932523,0.9298245614035088
exclude_nans,12,10,10,1.55,722,52.49307479224377,30.332409972299168,17.174515235457065,0.9279778393351801
exclude_nans,12,10,10,1.6,701,51.497860199714694,30.813124108416545,17.68901569186876,0.9300998573466477
exclude_nans,12,10,10,1.65,673,49.47994056463596,32.09509658246657,18.424962852897476,0.9271916790490342
exclude_nans,12,10,10,1.7,646,47.523219814241486,33.43653250773993,19.040247678018577,0.9241486068111455
exclude_nans,12,10,10,1.75,616,45.45454545454545,34.74025974025974,19.805194805194805,0.926948051948052
exclude_nans,12,10,10,1.8,588,43.53741496598639,35.8843537414966,20.578231292517007,0.9285714285714286
exclude_nans,12,10,10,1.85,562,41.281138790035584,37.18861209964413,21.530249110320284,0.9217081850533808
exclude_nans,12,10,10,1.9,532,38.53383458646616,39.097744360902254,22.36842105263158,0.9116541353383458
exclude_nans,12,10,10,1.95,509,36.14931237721022,40.47151277013752,23.37917485265226,0.9096267190569745
exclude_nans,12,10,10,2.0,493,34.48275862068966,41.37931034482759,24.137931034482758,0.9148073022312373
exclude_nans,13,10,10,1.0,892,60.2017937219731,25.784753363228702,14.013452914798204,0.9394618834080718
exclude_nans,13,10,10,1.05,877,59.635119726339795,26.111744583808438,14.253135689851767,0.9395667046750285
exclude_nans,13,10,10,1.1,868,59.44700460829493,26.152073732718893,14.400921658986174,0.9412442396313364
exclude_nans,13,10,10,1.15,851,58.871915393654525,26.439482961222094,14.688601645123384,0.9424206815511164
exclude_nans,13,10,10,1.2,838,58.47255369928401,26.730310262529834,14.797136038186157,0.9439140811455847
exclude_nans,13,10,10,1.25,826,57.869249394673126,27.11864406779661,15.012106537530268,0.9430992736077481
exclude_nans,13,10,10,1.3,809,57.354758961681085,27.564894932014834,15.080346106304079,0.9406674907292955
exclude_nans,13,10,10,1.35,794,56.67506297229219,27.95969773299748,15.365239294710328,0.9395465994962217
exclude_nans,13,10,10,1.4,775,55.74193548387096,28.516129032258064,15.741935483870966,0.9354838709677419
exclude_nans,13,10,10,1.45,756,54.629629629629626,29.232804232804234,16.137566137566136,0.9325396825396826
exclude_nans,13,10,10,1.5,736,53.66847826086957,29.7554347826087,16.57608695652174,0.9293478260869565
exclude_nans,13,10,10,1.55,717,52.719665271966534,30.264993026499305,17.01534170153417,0.9288702928870293
exclude_nans,13,10,10,1.6,696,51.724137931034484,30.747126436781606,17.52873563218391,0.9339080459770115
exclude_nans,13,10,10,1.65,668,49.700598802395206,32.035928143712574,18.263473053892216,0.9281437125748503
exclude_nans,13,10,10,1.7,641,47.737909516380654,33.38533541341654,18.876755070202808,0.9251170046801872
exclude_nans,13,10,10,1.75,611,45.662847790507364,34.697217675941076,19.639934533551553,0.9279869067103109
exclude_nans,13,10,10,1.8,583,43.739279588336196,35.84905660377358,20.411663807890225,0.9279588336192109
exclude_nans,13,10,10,1.85,557,41.4721723518851,37.16337522441652,21.364452423698385,0.9210053859964094
exclude_nans,13,10,10,1.9,527,38.70967741935484,39.08918406072106,22.2011385199241,0.9222011385199241
exclude_nans,13,10,10,1.95,504,36.30952380952381,40.476190476190474,23.214285714285715,0.9107142857142857
exclude_nans,13,10,10,2.0,488,34.63114754098361,41.39344262295082,23.975409836065573,0.9241803278688525
exclude_nans,14,10,10,1.0,877,60.889395667046756,25.313568985176737,13.797035347776509,0.9384264538198404
exclude_nans,14,10,10,1.05,862,60.32482598607889,25.638051044083525,14.037122969837586,0.9396751740139211
exclude_nans,14,10,10,1.1,854,60.07025761124122,25.76112412177986,14.168618266978921,0.9402810304449649
exclude_nans,14,10,10,1.15,838,59.427207637231504,26.13365155131265,14.439140811455847,0.9439140811455847
exclude_nans,14,10,10,1.2,826,58.958837772397096,26.39225181598063,14.648910411622277,0.9443099273607748
exclude_nans,14,10,10,1.25,814,58.353808353808354,26.78132678132678,14.864864864864865,0.9447174447174447
exclude_nans,14,10,10,1.3,797,57.84190715181933,27.22710163111669,14.93099121706399,0.9410288582183187
exclude_nans,14,10,10,1.35,782,57.1611253196931,27.621483375959077,15.217391304347828,0.9398976982097187
exclude_nans,14,10,10,1.4,763,56.225425950196595,28.178243774574053,15.59633027522936,0.9384010484927916
exclude_nans,14,10,10,1.45,744,55.107526881720425,28.897849462365592,15.994623655913978,0.9368279569892473
exclude_nans,14,10,10,1.5,724,54.14364640883977,29.41988950276243,16.43646408839779,0.930939226519337
exclude_nans,14,10,10,1.55,705,53.191489361702125,29.929078014184395,16.879432624113473,0.9290780141843972
exclude_nans,14,10,10,1.6,684,52.19298245614035,30.409356725146196,17.39766081871345,0.9312865497076024
exclude_nans,14,10,10,1.65,656,50.15243902439024,31.70731707317073,18.140243902439025,0.926829268292683
exclude_nans,14,10,10,1.7,629,48.171701112877585,33.068362480127185,18.75993640699523,0.9252782193958664
exclude_nans,14,10,10,1.75,600,46.0,34.5,19.5,0.9216666666666666
exclude_nans,14,10,10,1.8,572,44.05594405594406,35.66433566433567,20.27972027972028,0.9265734265734266
exclude_nans,14,10,10,1.85,546,41.75824175824176,36.996336996337,21.245421245421245,0.9212454212454212
exclude_nans,14,10,10,1.9,516,38.95348837209303,38.95348837209303,22.093023255813954,0.9205426356589147
exclude_nans,14,10,10,1.95,494,36.63967611336032,40.2834008097166,23.076923076923077,0.9109311740890689
exclude_nans,14,10,10,2.0,478,34.93723849372385,41.21338912133891,23.84937238493724,0.9246861924686193
exclude_nans,15,10,10,1.0,865,61.156069364161844,24.971098265895954,13.872832369942195,0.9387283236994219
exclude_nans,15,10,10,1.05,850,60.588235294117645,25.294117647058822,14.117647058823529,0.9388235294117647
exclude_nans,15,10,10,1.1,842,60.33254156769596,25.415676959619955,14.251781472684085,0.9394299287410927
exclude_nans,15,10,10,1.15,826,59.68523002421308,25.786924939467315,14.527845036319611,0.9455205811138014
exclude_nans,15,10,10,1.2,815,59.263803680981596,26.012269938650306,14.723926380368098,0.9447852760736196
exclude_nans,15,10,10,1.25,803,58.655043586550434,26.40099626400996,14.9439601494396,0.9427148194271482
exclude_nans,15,10,10,1.3,786,58.14249363867684,26.84478371501272,15.012722646310433,0.9402035623409669
exclude_nans,15,10,10,1.35,771,57.45784695201037,27.237354085603112,15.304798962386512,0.9390402075226978
exclude_nans,15,10,10,1.4,752,56.51595744680851,27.79255319148936,15.691489361702127,0.9375
exclude_nans,15,10,10,1.45,733,55.38881309686221,28.512960436562075,16.098226466575717,0.9358799454297408
exclude_nans,15,10,10,1.5,713,54.4179523141655,29.03225806451613,16.54978962131837,0.9312762973352033
exclude_nans,15,10,10,1.55,694,53.45821325648416,29.53890489913545,17.002881844380404,0.930835734870317
exclude_nans,15,10,10,1.6,673,52.4517087667162,30.0148588410104,17.5334323922734,0.9331352154531947
exclude_nans,15,10,10,1.65,645,50.3875968992248,31.317829457364343,18.294573643410853,0.9271317829457364
exclude_nans,15,10,10,1.7,618,48.381877022653725,32.68608414239482,18.932038834951456,0.9239482200647249
exclude_nans,15,10,10,1.75,589,46.17996604414261,34.125636672325975,19.69439728353141,0.9202037351443124
exclude_nans,15,10,10,1.8,561,44.20677361853833,35.294117647058826,20.499108734402853,0.9180035650623886
exclude_nans,15,10,10,1.85,536,41.97761194029851,36.56716417910448,21.455223880597014,0.9197761194029851
exclude_nans,15,10,10,1.9,506,39.130434782608695,38.537549407114625,22.33201581027668,0.9189723320158103
exclude_nans,15,10,10,1.95,485,36.907216494845365,39.79381443298969,23.298969072164947,0.9072164948453608
exclude_nans,15,10,10,2.0,469,35.18123667377399,40.72494669509595,24.093816631130064,0.9232409381663113
exclude_nans,16,10,10,1.0,849,61.71967020023557,24.499411071849234,13.780918727915195,0.944640753828033
exclude_nans,16,10,10,1.05,834,61.15107913669065,24.820143884892087,14.028776978417264,0.9436450839328537
exclude_nans,16,10,10,1.1,826,60.89588377723971,24.93946731234867,14.164648910411623,0.9467312348668281
exclude_nans,16,10,10,1.15,810,60.24691358024692,25.308641975308642,14.444444444444443,0.9481481481481482
exclude_nans,16,10,10,1.2,799,59.82478097622027,25.53191489361702,14.643304130162704,0.9486858573216521
exclude_nans,16,10,10,1.25,787,59.21219822109276,25.921219822109276,14.866581956797967,0.9479034307496823
exclude_nans,16,10,10,1.3,771,58.62516212710766,26.329442282749678,15.045395590142672,0.940337224383917
exclude_nans,16,10,10,1.35,757,57.85997357992074,26.81638044914135,15.323645970937912,0.9392338177014531
exclude_nans,16,10,10,1.4,738,56.91056910569105,27.371273712737125,15.718157181571815,0.9390243902439024
exclude_nans,16,10,10,1.45,719,55.77190542420028,28.094575799721838,16.133518776077885,0.9374130737134909
exclude_nans,16,10,10,1.5,700,54.714285714285715,28.714285714285715,16.57142857142857,0.9357142857142857
exclude_nans,16,10,10,1.55,683,53.879941434846266,29.136163982430453,16.98389458272328,0.9355783308931186
exclude_nans,16,10,10,1.6,663,52.79034690799397,29.71342383107089,17.49622926093514,0.9351432880844646
exclude_nans,16,10,10,1.65,635,50.70866141732283,31.023622047244093,18.26771653543307,0.9307086614173228
exclude_nans,16,10,10,1.7,608,48.68421052631579,32.401315789473685,18.914473684210524,0.9276315789473685
exclude_nans,16,10,10,1.75,579,46.45941278065631,33.85146804835924,19.689119170984455,0.92573402417962
exclude_nans,16,10,10,1.8,551,44.46460980036298,35.027223230490016,20.508166969147005,0.9219600725952813
exclude_nans,16,10,10,1.85,526,42.20532319391635,36.31178707224335,21.482889733840306,0.9163498098859315
exclude_nans,16,10,10,1.9,497,39.2354124748491,38.22937625754527,22.535211267605636,0.9255533199195171
exclude_nans,16,10,10,1.95,476,36.97478991596639,39.49579831932773,23.52941176470588,0.9264705882352942
exclude_nans,16,10,10,2.0,460,35.21739130434783,40.43478260869565,24.347826086956523,0.9282608695652174
exclude_nans,17,10,10,1.0,843,61.68446026097272,24.436536180308423,13.87900355871886,0.9442467378410438
exclude_nans,17,10,10,1.05,829,61.158021712907114,24.728588661037396,14.11338962605549,0.9433051869722557
exclude_nans,17,10,10,1.1,822,60.94890510948905,24.817518248175183,14.233576642335766,0.9464720194647201
exclude_nans,17,10,10,1.15,807,60.34696406443618,25.154894671623296,14.49814126394052,0.9479553903345725
exclude_nans,17,10,10,1.2,796,59.92462311557789,25.376884422110553,14.698492462311558,0.9484924623115578
exclude_nans,17,10,10,1.25,784,59.31122448979592,25.765306122448976,14.923469387755103,0.9477040816326531
exclude_nans,17,10,10,1.3,768,58.723958333333336,26.171875,15.104166666666666,0.9401041666666666
exclude_nans,17,10,10,1.35,754,57.95755968169761,26.657824933687003,15.384615384615385,0.9389920424403183
exclude_nans,17,10,10,1.4,735,57.006802721088434,27.2108843537415,15.782312925170066,0.9387755102040817
exclude_nans,17,10,10,1.45,716,55.865921787709496,27.932960893854748,16.201117318435752,0.9371508379888268
exclude_nans,17,10,10,1.5,697,54.80631276901005,28.55093256814921,16.642754662840744,0.9368723098995696
exclude_nans,17,10,10,1.55,680,53.970588235294116,28.97058823529412,17.058823529411764,0.9352941176470588
exclude_nans,17,10,10,1.6,660,52.87878787878788,29.545454545454547,17.575757575757574,0.9348484848484848
exclude_nans,17,10,10,1.65,632,50.79113924050633,30.854430379746834,18.354430379746837,0.9287974683544303
exclude_nans,17,10,10,1.7,605,48.760330578512395,32.231404958677686,19.00826446280992,0.9272727272727272
exclude_nans,17,10,10,1.75,576,46.52777777777778,33.68055555555556,19.791666666666664,0.9253472222222222
exclude_nans,17,10,10,1.8,548,44.52554744525548,34.85401459854015,20.62043795620438,0.9215328467153284
exclude_nans,17,10,10,1.85,523,42.25621414913958,36.137667304015295,21.606118546845124,0.9158699808795411
exclude_nans,17,10,10,1.9,494,39.27125506072874,38.05668016194332,22.672064777327936,0.9251012145748988
exclude_nans,17,10,10,1.95,473,36.99788583509514,39.323467230443974,23.678646934460886,0.9260042283298098
exclude_nans,17,10,10,2.0,457,35.22975929978118,40.26258205689278,24.50765864332604,0.9277899343544858
exclude_nans,18,10,10,1.0,835,62.03592814371257,24.191616766467067,13.77245508982036,0.9497005988023952
exclude_nans,18,10,10,1.05,821,61.510353227771006,24.482338611449453,14.007308160779536,0.9500609013398295
exclude_nans,18,10,10,1.1,814,61.302211302211305,24.57002457002457,14.127764127764127,0.9496314496314496
exclude_nans,18,10,10,1.15,799,60.70087609511889,24.90613266583229,14.392991239048811,0.951188986232791
exclude_nans,18,10,10,1.2,788,60.27918781725889,25.12690355329949,14.593908629441623,0.9517766497461929
exclude_nans,18,10,10,1.25,776,59.66494845360825,25.51546391752577,14.81958762886598,0.9510309278350515
exclude_nans,18,10,10,1.3,760,59.078947368421055,25.921052631578945,15.0,0.9460526315789474
exclude_nans,18,10,10,1.35,746,58.31099195710456,26.40750670241287,15.281501340482572,0.9450402144772118
exclude_nans,18,10,10,1.4,727,57.35900962861072,26.960110041265473,15.680880330123797,0.9436038514442916
exclude_nans,18,10,10,1.45,708,56.21468926553672,27.683615819209038,16.101694915254235,0.942090395480226
exclude_nans,18,10,10,1.5,689,55.152394775036285,28.30188679245283,16.545718432510885,0.9462989840348331
exclude_nans,18,10,10,1.55,672,54.31547619047619,28.720238095238095,16.964285714285715,0.9434523809523809
exclude_nans,18,10,10,1.6,653,53.29249617151608,29.249617151607964,17.457886676875958,0.9433384379785605
exclude_nans,18,10,10,1.65,625,51.2,30.56,18.240000000000002,0.9344
exclude_nans,18,10,10,1.7,598,49.163879598662206,31.93979933110368,18.896321070234116,0.9347826086956522
exclude_nans,18,10,10,1.75,569,46.92442882249561,33.391915641476274,19.68365553602812,0.9332161687170475
exclude_nans,18,10,10,1.8,541,44.91682070240296,34.56561922365989,20.51756007393715,0.9260628465804066
exclude_nans,18,10,10,1.85,516,42.63565891472868,35.85271317829458,21.511627906976745,0.9263565891472868
exclude_nans,18,10,10,1.9,488,39.549180327868854,37.704918032786885,22.74590163934426,0.930327868852459
exclude_nans,18,10,10,1.95,467,37.25910064239829,38.97216274089936,23.768736616702355,0.9293361884368309
exclude_nans,18,10,10,2.0,451,35.47671840354767,39.91130820399113,24.6119733924612,0.926829268292683
exclude_nans,19,10,10,1.0,814,62.65356265356266,23.587223587223587,13.75921375921376,0.9508599508599509
exclude_nans,19,10,10,1.05,800,62.125,23.875,14.000000000000002,0.95125
exclude_nans,19,10,10,1.1,793,61.91677175283733,23.959646910466585,14.123581336696093,0.9508196721311475
exclude_nans,19,10,10,1.15,780,61.410256410256416,24.23076923076923,14.358974358974358,0.9525641025641025
exclude_nans,19,10,10,1.2,769,60.98829648894668,24.44733420026008,14.564369310793237,0.953185955786736
exclude_nans,19,10,10,1.25,757,60.36988110964333,24.834874504623514,14.795244385733158,0.952443857331572
exclude_nans,19,10,10,1.3,741,59.78407557354926,25.236167341430498,14.979757085020243,0.9473684210526315
exclude_nans,19,10,10,1.35,727,59.009628610729024,25.722145804676757,15.268225584594223,0.9394773039889959
exclude_nans,19,10,10,1.4,708,58.05084745762712,26.27118644067797,15.677966101694915,0.9463276836158192
exclude_nans,19,10,10,1.45,689,56.89404934687954,26.995645863570395,16.110304789550074,0.9361393323657474
exclude_nans,19,10,10,1.5,670,55.82089552238806,27.611940298507463,16.567164179104477,0.9402985074626866
exclude_nans,19,10,10,1.55,653,54.97702909647779,28.024502297090354,16.998468606431853,0.9418070444104135
exclude_nans,19,10,10,1.6,635,54.01574803149606,28.503937007874015,17.480314960629922,0.9417322834645669
exclude_nans,19,10,10,1.65,607,51.894563426688634,29.818780889621088,18.28665568369028,0.9373970345963756
exclude_nans,19,10,10,1.7,580,49.82758620689655,31.20689655172414,18.96551724137931,0.9362068965517242
exclude_nans,19,10,10,1.75,551,47.54990925589836,32.66787658802178,19.782214156079856,0.9328493647912885
exclude_nans,19,10,10,1.8,523,45.506692160611856,33.84321223709369,20.650095602294456,0.9273422562141491
exclude_nans,19,10,10,1.85,499,43.28657314629258,35.07014028056113,21.64328657314629,0.9278557114228457
exclude_nans,19,10,10,1.9,471,40.12738853503185,36.94267515923567,22.929936305732486,0.9320594479830149
exclude_nans,19,10,10,1.95,450,37.77777777777778,38.22222222222222,24.0,0.9311111111111111
exclude_nans,19,10,10,2.0,435,36.0919540229885,39.08045977011494,24.82758620689655,0.9287356321839081
exclude_nans,20,10,10,1.0,804,63.18407960199005,23.00995024875622,13.805970149253731,0.9527363184079602
exclude_nans,20,10,10,1.05,790,62.65822784810127,23.29113924050633,14.050632911392405,0.950632911392405
exclude_nans,20,10,10,1.1,783,62.45210727969349,23.371647509578544,14.17624521072797,0.9476372924648787
exclude_nans,20,10,10,1.15,770,61.948051948051955,23.636363636363637,14.415584415584416,0.9532467532467532
exclude_nans,20,10,10,1.2,759,61.528326745718054,23.847167325428195,14.624505928853754,0.9538866930171278
exclude_nans,20,10,10,1.25,747,60.91030789825971,24.230254350736278,14.859437751004014,0.9531459170013387
exclude_nans,20,10,10,1.3,731,60.32831737346102,24.623803009575923,15.047879616963064,0.945280437756498
exclude_nans,20,10,10,1.35,717,59.5536959553696,25.10460251046025,15.341701534170154,0.9442119944211994
exclude_nans,20,10,10,1.4,698,58.59598853868195,25.644699140401144,15.759312320916905,0.9441260744985673
exclude_nans,20,10,10,1.45,679,57.437407952871865,26.362297496318117,16.200294550810014,0.9425625920471281
exclude_nans,20,10,10,1.5,660,56.36363636363636,26.969696969696972,16.666666666666664,0.9393939393939394
exclude_nans,20,10,10,1.55,644,55.434782608695656,27.48447204968944,17.080745341614907,0.9425465838509317
exclude_nans,20,10,10,1.6,627,54.385964912280706,28.07017543859649,17.543859649122805,0.9441786283891547
exclude_nans,20,10,10,1.65,599,52.25375626043406,29.382303839732888,18.363939899833053,0.9398998330550918
exclude_nans,20,10,10,1.7,572,50.17482517482518,30.76923076923077,19.055944055944053,0.9353146853146853
exclude_nans,20,10,10,1.75,543,47.882136279926335,32.22836095764273,19.88950276243094,0.9300184162062615
exclude_nans,20,10,10,1.8,517,45.84139264990329,33.46228239845261,20.6963249516441,0.9284332688588007
exclude_nans,20,10,10,1.85,494,43.522267206477736,34.81781376518219,21.65991902834008,0.9271255060728745
exclude_nans,20,10,10,1.9,466,40.343347639484975,36.69527896995708,22.96137339055794,0.9334763948497854
exclude_nans,20,10,10,1.95,445,37.97752808988764,37.97752808988764,24.044943820224717,0.9303370786516854
exclude_nans,20,10,10,2.0,430,36.27906976744186,38.83720930232558,24.88372093023256,0.9279069767441861
exclude_nans,21,10,10,1.0,791,63.21112515802781,23.008849557522122,13.780025284450062,0.9456384323640961
exclude_nans,21,10,10,1.05,777,62.676962676962674,23.294723294723294,14.028314028314028,0.9446589446589446
exclude_nans,21,10,10,1.1,770,62.46753246753247,23.376623376623375,14.155844155844155,0.9415584415584416
exclude_nans,21,10,10,1.15,757,61.9550858652576,23.645970937912814,14.398943196829592,0.9471598414795245
exclude_nans,21,10,10,1.2,746,61.52815013404825,23.86058981233244,14.6112600536193,0.9436997319034852
exclude_nans,21,10,10,1.25,735,60.952380952380956,24.217687074829932,14.829931972789115,0.9428571428571428
exclude_nans,21,10,10,1.3,720,60.416666666666664,24.583333333333332,15.0,0.9444444444444444
exclude_nans,21,10,10,1.35,706,59.63172804532578,25.07082152974504,15.29745042492918,0.943342776203966
exclude_nans,21,10,10,1.4,688,58.720930232558146,25.581395348837212,15.69767441860465,0.9476744186046512
exclude_nans,21,10,10,1.45,669,57.548579970104626,26.307922272047833,16.143497757847534,0.9491778774289985
exclude_nans,21,10,10,1.5,650,56.46153846153846,26.923076923076923,16.615384615384617,0.9476923076923077
exclude_nans,21,10,10,1.55,634,55.520504731861195,27.444794952681388,17.034700315457414,0.944794952681388
exclude_nans,21,10,10,1.6,618,54.53074433656958,27.993527508090615,17.475728155339805,0.9385113268608414
exclude_nans,21,10,10,1.65,590,52.3728813559322,29.322033898305083,18.305084745762713,0.9389830508474576
exclude_nans,21,10,10,1.7,563,50.26642984014209,30.728241563055064,19.005328596802844,0.9360568383658969
exclude_nans,21,10,10,1.75,535,48.03738317757009,32.149532710280376,19.813084112149532,0.9327102803738317
exclude_nans,21,10,10,1.8,509,45.97249508840864,33.39882121807465,20.6286836935167,0.9273084479371316
exclude_nans,21,10,10,1.85,487,43.737166324435314,34.70225872689938,21.560574948665298,0.9260780287474333
exclude_nans,21,10,10,1.9,460,40.65217391304348,36.52173913043478,22.82608695652174,0.9326086956521739
exclude_nans,21,10,10,1.95,439,38.26879271070615,37.81321184510251,23.917995444191344,0.929384965831435
exclude_nans,21,10,10,2.0,424,36.556603773584904,38.67924528301887,24.764150943396228,0.9268867924528302
exclude_nans,22,10,10,1.0,775,63.354838709677416,22.70967741935484,13.93548387096774,0.9509677419354838
exclude_nans,22,10,10,1.05,762,62.86089238845144,22.965879265091864,14.173228346456693,0.9501312335958005
exclude_nans,22,10,10,1.1,755,62.64900662251656,23.04635761589404,14.304635761589404,0.9509933774834437
exclude_nans,22,10,10,1.15,742,62.129380053908356,23.31536388140162,14.555256064690028,0.954177897574124
exclude_nans,22,10,10,1.2,731,61.696306429548564,23.52941176470588,14.774281805745554,0.9548563611491108
exclude_nans,22,10,10,1.25,720,61.111111111111114,23.88888888888889,15.0,0.9541666666666667
exclude_nans,22,10,10,1.3,705,60.56737588652482,24.25531914893617,15.177304964539006,0.9517730496453901
exclude_nans,22,10,10,1.35,692,59.82658959537572,24.710982658959537,15.462427745664739,0.9508670520231214
exclude_nans,22,10,10,1.4,675,58.81481481481482,25.333333333333336,15.851851851851853,0.9496296296296296
exclude_nans,22,10,10,1.45,656,57.62195121951219,26.067073170731707,16.3109756097561,0.9496951219512195
exclude_nans,22,10,10,1.5,637,56.514913657770805,26.687598116169546,16.797488226059652,0.9481946624803768
exclude_nans,22,10,10,1.55,621,55.55555555555556,27.214170692431562,17.23027375201288,0.9468599033816425
exclude_nans,22,10,10,1.6,605,54.54545454545454,27.768595041322314,17.68595041322314,0.9404958677685951
exclude_nans,22,10,10,1.65,578,52.42214532871973,29.06574394463668,18.5121107266436,0.9394463667820069
exclude_nans,22,10,10,1.7,552,50.36231884057971,30.434782608695656,19.202898550724637,0.9347826086956522
exclude_nans,22,10,10,1.75,524,48.091603053435115,31.87022900763359,20.0381679389313,0.933206106870229
exclude_nans,22,10,10,1.8,499,46.09218436873748,33.06613226452906,20.841683366733466,0.9298597194388778
exclude_nans,22,10,10,1.85,477,43.81551362683438,34.38155136268344,21.80293501048218,0.9266247379454927
exclude_nans,22,10,10,1.9,451,40.79822616407982,36.14190687361419,23.059866962305986,0.9246119733924612
exclude_nans,22,10,10,1.95,431,38.2830626450116,37.58700696055685,24.129930394431554,0.9280742459396751
exclude_nans,22,10,10,2.0,416,36.53846153846153,38.46153846153847,25.0,0.9278846153846154
exclude_nans,23,10,10,1.0,757,63.408190224570674,22.85336856010568,13.738441215323647,0.9511228533685601
exclude_nans,23,10,10,1.05,744,62.903225806451616,23.118279569892472,13.978494623655912,0.9502688172043011
exclude_nans,23,10,10,1.1,738,62.737127371273715,23.170731707317074,14.092140921409213,0.9512195121951219
exclude_nans,23,10,10,1.15,726,62.25895316804407,23.415977961432507,14.325068870523417,0.953168044077135
exclude_nans,23,10,10,1.2,715,61.81818181818181,23.636363636363637,14.545454545454545,0.9552447552447553
exclude_nans,23,10,10,1.25,704,61.22159090909091,24.005681818181817,14.772727272727273,0.9545454545454546
exclude_nans,23,10,10,1.3,689,60.66763425253991,24.383164005805515,14.949201741654573,0.9506531204644412
exclude_nans,23,10,10,1.35,677,59.97045790251108,24.81536189069424,15.214180206794683,0.9497784342688331
exclude_nans,23,10,10,1.4,660,58.93939393939394,25.454545454545453,15.606060606060607,0.9484848484848485
exclude_nans,23,10,10,1.45,642,57.78816199376947,26.168224299065418,16.043613707165107,0.9501557632398754
exclude_nans,23,10,10,1.5,623,56.66131621187801,26.80577849117175,16.53290529695024,0.9486356340288925
exclude_nans,23,10,10,1.55,607,55.6836902800659,27.347611202635914,16.96869851729819,0.9456342668863262
exclude_nans,23,10,10,1.6,592,54.729729729729726,27.87162162162162,17.39864864864865,0.9375
exclude_nans,23,10,10,1.65,565,52.56637168141592,29.20353982300885,18.230088495575224,0.9309734513274336
exclude_nans,23,10,10,1.7,539,50.46382189239333,30.612244897959183,18.923933209647494,0.9276437847866419
exclude_nans,23,10,10,1.75,511,48.14090019569471,32.093933463796475,19.765166340508806,0.9354207436399217
exclude_nans,23,10,10,1.8,486,46.09053497942387,33.33333333333333,20.5761316872428,0.9300411522633745
exclude_nans,23,10,10,1.85,465,43.87096774193549,34.623655913978496,21.50537634408602,0.9311827956989247
exclude_nans,23,10,10,1.9,440,40.909090909090914,36.36363636363637,22.727272727272727,0.9318181818181818
exclude_nans,23,10,10,1.95,420,38.333333333333336,37.857142857142854,23.809523809523807,0.9238095238095239
exclude_nans,23,10,10,2.0,405,36.54320987654321,38.76543209876544,24.691358024691358,0.9234567901234568
exclude_nans,24,10,10,1.0,745,63.758389261744966,22.550335570469798,13.691275167785236,0.9503355704697987
exclude_nans,24,10,10,1.05,733,63.30150068212824,22.78308321964529,13.915416098226466,0.9508867667121419
exclude_nans,24,10,10,1.1,727,63.13617606602476,22.833562585969737,14.030261348005501,0.9504814305364512
exclude_nans,24,10,10,1.15,715,62.65734265734266,23.076923076923077,14.265734265734265,0.9552447552447553
exclude_nans,24,10,10,1.2,704,62.21590909090909,23.295454545454543,14.488636363636365,0.9517045454545454
exclude_nans,24,10,10,1.25,693,61.61616161616161,23.665223665223664,14.71861471861472,0.950937950937951
exclude_nans,24,10,10,1.3,678,61.06194690265486,24.041297935103245,14.896755162241886,0.9498525073746312
exclude_nans,24,10,10,1.35,666,60.36036036036037,24.474474474474476,15.165165165165165,0.948948948948949
exclude_nans,24,10,10,1.4,649,59.32203389830508,25.115562403698,15.562403697996919,0.9476117103235747
exclude_nans,24,10,10,1.45,632,58.22784810126582,25.79113924050633,15.981012658227847,0.9462025316455697
exclude_nans,24,10,10,1.5,615,57.073170731707314,26.504065040650403,16.422764227642276,0.9479674796747968
exclude_nans,24,10,10,1.55,599,56.093489148580964,27.04507512520868,16.86143572621035,0.9449081803005008
exclude_nans,24,10,10,1.6,584,55.13698630136986,27.56849315068493,17.294520547945204,0.9383561643835616
exclude_nans,24,10,10,1.65,557,52.96229802513464,28.904847396768403,18.13285457809695,0.9299820466786356
exclude_nans,24,10,10,1.7,531,50.847457627118644,30.32015065913371,18.832391713747647,0.9265536723163842
exclude_nans,24,10,10,1.75,503,48.508946322067594,31.809145129224653,19.681908548707753,0.9284294234592445
exclude_nans,24,10,10,1.8,478,46.44351464435147,33.054393305439326,20.502092050209207,0.9288702928870293
exclude_nans,24,10,10,1.85,457,44.201312910284464,34.35448577680525,21.444201312910284,0.9299781181619255
exclude_nans,24,10,10,1.9,433,41.339491916859124,36.027713625866056,22.632794457274827,0.930715935334873
exclude_nans,24,10,10,1.95,414,38.88888888888889,37.43961352657005,23.67149758454106,0.9202898550724637
exclude_nans,24,10,10,2.0,400,37.0,38.5,24.5,0.925
exclude_nans,25,10,10,1.0,733,64.39290586630287,22.10095497953615,13.506139154160982,0.9427012278308322
exclude_nans,25,10,10,1.05,721,63.938973647711514,22.330097087378643,13.730929264909847,0.9514563106796117
exclude_nans,25,10,10,1.1,715,63.77622377622377,22.377622377622377,13.846153846153847,0.9524475524475524
exclude_nans,25,10,10,1.15,703,63.30014224751067,22.617354196301566,14.082503556187767,0.9559032716927454
exclude_nans,25,10,10,1.2,692,62.861271676300575,22.832369942196532,14.30635838150289,0.9566473988439307
exclude_nans,25,10,10,1.25,681,62.261380323054325,23.201174743024964,14.537444933920703,0.9559471365638766
exclude_nans,25,10,10,1.3,666,61.711711711711715,23.573573573573572,14.714714714714713,0.9519519519519519
exclude_nans,25,10,10,1.35,654,61.00917431192661,24.00611620795107,14.984709480122325,0.9510703363914373
exclude_nans,25,10,10,1.4,638,60.03134796238244,24.608150470219435,15.360501567398119,0.9498432601880877
exclude_nans,25,10,10,1.45,621,58.93719806763285,25.28180354267311,15.780998389694043,0.9484702093397746
exclude_nans,25,10,10,1.5,604,57.78145695364238,25.99337748344371,16.225165562913908,0.9503311258278145
exclude_nans,25,10,10,1.55,588,56.80272108843537,26.53061224489796,16.666666666666664,0.9472789115646258
exclude_nans,25,10,10,1.6,573,55.846422338568935,27.05061082024433,17.10296684118674,0.9406631762652705
exclude_nans,25,10,10,1.65,546,53.663003663003664,28.388278388278387,17.94871794871795,0.9377289377289377
exclude_nans,25,10,10,1.7,520,51.53846153846153,29.807692307692307,18.653846153846153,0.9365384615384615
exclude_nans,25,10,10,1.75,492,49.1869918699187,31.300813008130078,19.51219512195122,0.9329268292682927
exclude_nans,25,10,10,1.8,467,47.109207708779444,32.54817987152035,20.342612419700217,0.9293361884368309
exclude_nans,25,10,10,1.85,446,44.843049327354265,33.856502242152466,21.300448430493272,0.9327354260089686
exclude_nans,25,10,10,1.9,422,41.943127962085306,35.54502369668246,22.511848341232227,0.933649289099526
exclude_nans,25,10,10,1.95,404,39.603960396039604,36.88118811881188,23.51485148514851,0.9257425742574258
exclude_nans,25,10,10,2.0,390,37.69230769230769,37.94871794871795,24.358974358974358,0.9256410256410257
exclude_nans,26,10,10,1.0,716,64.80446927374301,22.067039106145252,13.128491620111731,0.9441340782122905
exclude_nans,26,10,10,1.05,704,64.3465909090909,22.301136363636363,13.352272727272727,0.9431818181818182
exclude_nans,26,10,10,1.1,698,64.18338108882521,22.349570200573066,13.46704871060172,0.9441260744985673
exclude_nans,26,10,10,1.15,686,63.70262390670553,22.59475218658892,13.702623906705538,0.956268221574344
exclude_nans,26,10,10,1.2,676,63.165680473372774,22.928994082840237,13.905325443786982,0.9556213017751479
exclude_nans,26,10,10,1.25,665,62.55639097744361,23.308270676691727,14.135338345864662,0.9548872180451128
exclude_nans,26,10,10,1.3,651,61.904761904761905,23.655913978494624,14.439324116743471,0.9508448540706606
exclude_nans,26,10,10,1.35,639,61.18935837245696,24.100156494522693,14.710485133020345,0.9499217527386542
exclude_nans,26,10,10,1.4,624,60.256410256410255,24.679487179487182,15.064102564102564,0.9487179487179487
exclude_nans,26,10,10,1.45,608,59.210526315789465,25.32894736842105,15.460526315789474,0.9473684210526315
exclude_nans,26,10,10,1.5,591,58.03722504230119,26.057529610829107,15.905245346869712,0.949238578680203
exclude_nans,26,10,10,1.55,575,57.04347826086956,26.608695652173914,16.34782608695652,0.9460869565217391
exclude_nans,26,10,10,1.6,560,56.07142857142857,27.142857142857142,16.785714285714285,0.9375
exclude_nans,26,10,10,1.65,533,53.84615384615385,28.517823639774857,17.636022514071296,0.926829268292683
exclude_nans,26,10,10,1.7,507,51.67652859960552,29.980276134122285,18.34319526627219,0.9329388560157791
exclude_nans,26,10,10,1.75,479,49.26931106471816,31.524008350730686,19.206680584551147,0.9290187891440501
exclude_nans,26,10,10,1.8,454,47.136563876651984,32.819383259911895,20.044052863436125,0.9229074889867841
exclude_nans,26,10,10,1.85,433,44.80369515011547,34.18013856812933,21.016166281755197,0.9260969976905312
exclude_nans,26,10,10,1.9,409,41.80929095354523,35.94132029339853,22.249388753056234,0.9290953545232273
exclude_nans,26,10,10,1.95,392,39.54081632653062,37.244897959183675,23.214285714285715,0.9311224489795918
exclude_nans,26,10,10,2.0,378,37.56613756613756,38.35978835978836,24.074074074074073,0.9232804232804233
exclude_nans,27,10,10,1.0,706,65.29745042492918,21.671388101983002,13.031161473087819,0.9447592067988668
exclude_nans,27,10,10,1.05,694,64.84149855907782,21.902017291066283,13.256484149855908,0.9438040345821326
exclude_nans,27,10,10,1.1,688,64.68023255813954,21.947674418604652,13.372093023255813,0.9447674418604651
exclude_nans,27,10,10,1.15,676,64.20118343195266,22.189349112426036,13.609467455621301,0.9482248520710059
exclude_nans,27,10,10,1.2,666,63.66366366366366,22.52252252252252,13.813813813813812,0.9564564564564565
exclude_nans,27,10,10,1.25,655,63.05343511450382,22.900763358778626,14.045801526717558,0.9557251908396946
exclude_nans,27,10,10,1.3,641,62.402496099843994,23.244929797191887,14.35257410296412,0.953198127925117
exclude_nans,27,10,10,1.35,629,61.685214626391094,23.68839427662957,14.626391096979333,0.9523052464228935
exclude_nans,27,10,10,1.4,614,60.74918566775245,24.267100977198698,14.983713355048861,0.9511400651465798
exclude_nans,27,10,10,1.45,598,59.6989966555184,24.91638795986622,15.384615384615385,0.9498327759197325
exclude_nans,27,10,10,1.5,581,58.519793459552496,25.645438898450944,15.834767641996558,0.9500860585197934
exclude_nans,27,10,10,1.55,565,57.52212389380531,26.194690265486724,16.283185840707965,0.9486725663716814
exclude_nans,27,10,10,1.6,551,56.62431941923774,26.678765880217785,16.696914700544465,0.9382940108892922
exclude_nans,27,10,10,1.65,524,54.38931297709924,28.053435114503817,17.557251908396946,0.9312977099236641
exclude_nans,27,10,10,1.7,498,52.208835341365464,29.518072289156628,18.27309236947791,0.9357429718875502
exclude_nans,27,10,10,1.75,471,49.89384288747346,30.997876857749468,19.10828025477707,0.9341825902335457
exclude_nans,27,10,10,1.8,446,47.75784753363229,32.28699551569507,19.955156950672645,0.9260089686098655
exclude_nans,27,10,10,1.85,425,45.41176470588235,33.64705882352941,20.941176470588236,0.9223529411764706
exclude_nans,27,10,10,1.9,401,42.394014962593516,35.41147132169576,22.194513715710723,0.9226932668329177
exclude_nans,27,10,10,1.95,384,40.10416666666667,36.71875,23.177083333333336,0.9166666666666666
exclude_nans,27,10,10,2.0,370,38.108108108108105,37.83783783783784,24.054054054054056,0.9324324324324325
exclude_nans,28,10,10,1.0,689,65.74746008708273,21.335268505079828,12.917271407837447,0.9448476052249637
exclude_nans,28,10,10,1.05,677,65.28803545051699,21.56573116691285,13.146233382570163,0.9453471196454948
exclude_nans,28,10,10,1.1,671,65.12667660208645,21.609538002980628,13.263785394932937,0.940387481371088
exclude_nans,28,10,10,1.15,659,64.64339908952958,21.851289833080425,13.505311077389983,0.9499241274658573
exclude_nans,28,10,10,1.2,650,64.15384615384615,22.153846153846153,13.692307692307693,0.9569230769230769
exclude_nans,28,10,10,1.25,639,63.53677621283255,22.535211267605636,13.928012519561817,0.9514866979655712
exclude_nans,28,10,10,1.3,625,62.88,22.88,14.24,0.952
exclude_nans,28,10,10,1.35,613,62.15334420880914,23.3278955954323,14.518760195758565,0.9510603588907015
exclude_nans,28,10,10,1.4,598,61.20401337792642,23.91304347826087,14.88294314381271,0.9498327759197325
exclude_nans,28,10,10,1.45,583,60.2058319039451,24.528301886792452,15.265866209262436,0.9485420240137221
exclude_nans,28,10,10,1.5,566,59.01060070671378,25.265017667844525,15.724381625441698,0.9487632508833922
exclude_nans,28,10,10,1.55,550,57.99999999999999,25.818181818181817,16.18181818181818,0.9490909090909091
exclude_nans,28,10,10,1.6,536,57.08955223880597,26.30597014925373,16.6044776119403,0.9440298507462687
exclude_nans,28,10,10,1.65,509,54.813359528487226,27.70137524557957,17.4852652259332,0.9410609037328095
exclude_nans,28,10,10,1.7,484,52.68595041322314,29.132231404958674,18.181818181818183,0.9380165289256198
exclude_nans,28,10,10,1.75,459,50.326797385620914,30.718954248366014,18.954248366013072,0.9324618736383442
exclude_nans,28,10,10,1.8,434,48.15668202764977,32.02764976958525,19.81566820276498,0.9308755760368663
exclude_nans,28,10,10,1.85,413,45.76271186440678,33.41404358353511,20.823244552058114,0.9249394673123487
exclude_nans,28,10,10,1.9,390,42.56410256410256,35.38461538461539,22.05128205128205,0.9205128205128205
exclude_nans,28,10,10,1.95,373,40.21447721179624,36.72922252010724,23.056300268096514,0.9195710455764075
exclude_nans,28,10,10,2.0,359,38.16155988857939,37.88300835654596,23.955431754874652,0.9331476323119777
exclude_nans,29,10,10,1.0,677,65.58345642540621,21.418020679468242,12.998522895125554,0.9438700147710487
exclude_nans,29,10,10,1.05,665,65.11278195488723,21.654135338345863,13.233082706766917,0.9443609022556391
exclude_nans,29,10,10,1.1,659,64.94688922610014,21.699544764795146,13.353566009104703,0.9393019726858877
exclude_nans,29,10,10,1.15,647,64.45131375579598,21.947449768160745,13.601236476043276,0.9489953632148377
exclude_nans,29,10,10,1.2,638,63.94984326018809,22.25705329153605,13.793103448275861,0.9482758620689655
exclude_nans,29,10,10,1.25,627,63.31738437001595,22.647527910685806,14.035087719298245,0.9521531100478469
exclude_nans,29,10,10,1.3,615,62.764227642276424,22.926829268292686,14.308943089430896,0.9528455284552846
exclude_nans,29,10,10,1.35,604,62.086092715231786,23.344370860927153,14.56953642384106,0.9519867549668874
exclude_nans,29,10,10,1.4,589,61.120543293718164,23.93887945670628,14.94057724957555,0.9507640067911715
exclude_nans,29,10,10,1.45,574,60.10452961672473,24.56445993031359,15.33101045296167,0.9494773519163763
exclude_nans,29,10,10,1.5,557,58.88689407540395,25.314183123877914,15.798922800718133,0.9497307001795332
exclude_nans,29,10,10,1.55,541,57.85582255083179,25.87800369685767,16.266173752310536,0.9482439926062847
exclude_nans,29,10,10,1.6,527,56.92599620493358,26.37571157495256,16.698292220113853,0.9430740037950665
exclude_nans,29,10,10,1.65,500,54.6,27.800000000000004,17.599999999999998,0.938
exclude_nans,29,10,10,1.7,475,52.421052631578945,29.263157894736842,18.31578947368421,0.9368421052631579
exclude_nans,29,10,10,1.75,450,50.0,30.88888888888889,19.11111111111111,0.9333333333333333
exclude_nans,29,10,10,1.8,426,47.88732394366197,32.159624413145536,19.953051643192488,0.931924882629108
exclude_nans,29,10,10,1.85,406,45.566502463054185,33.497536945812804,20.935960591133004,0.9285714285714286
exclude_nans,29,10,10,1.9,383,42.297650130548305,35.50913838120104,22.193211488250654,0.9268929503916449
exclude_nans,29,10,10,1.95,366,39.89071038251366,36.885245901639344,23.224043715846996,0.9207650273224044
exclude_nans,29,10,10,2.0,352,37.784090909090914,38.06818181818182,24.147727272727273,0.9318181818181818
exclude_nans,30,10,10,1.0,663,66.06334841628959,20.81447963800905,13.122171945701359,0.942684766214178
exclude_nans,30,10,10,1.05,652,65.6441717791411,21.012269938650306,13.34355828220859,0.9432515337423313
exclude_nans,30,10,10,1.1,646,65.47987616099071,21.052631578947366,13.46749226006192,0.9380804953560371
exclude_nans,30,10,10,1.15,634,64.98422712933754,21.293375394321767,13.722397476340694,0.9479495268138801
exclude_nans,30,10,10,1.2,625,64.48,21.6,13.919999999999998,0.9472
exclude_nans,30,10,10,1.25,614,63.84364820846905,21.986970684039086,14.169381107491857,0.9495114006514658
exclude_nans,30,10,10,1.3,602,63.2890365448505,22.259136212624583,14.451827242524917,0.9501661129568106
exclude_nans,30,10,10,1.35,591,62.605752961082906,22.673434856175973,14.720812182741117,0.949238578680203
exclude_nans,30,10,10,1.4,576,61.63194444444444,23.26388888888889,15.104166666666666,0.9479166666666666
exclude_nans,30,10,10,1.45,561,60.60606060606061,23.885918003565063,15.508021390374333,0.946524064171123
exclude_nans,30,10,10,1.5,544,59.375,24.63235294117647,15.992647058823529,0.9448529411764706
exclude_nans,30,10,10,1.55,528,58.333333333333336,25.189393939393938,16.477272727272727,0.946969696969697
exclude_nans,30,10,10,1.6,514,57.39299610894941,25.680933852140075,16.926070038910506,0.9416342412451362
exclude_nans,30,10,10,1.65,487,55.03080082135524,27.104722792607806,17.864476386036962,0.9404517453798767
exclude_nans,30,10,10,1.7,462,52.81385281385281,28.57142857142857,18.614718614718615,0.935064935064935
exclude_nans,30,10,10,1.75,438,50.456621004566216,30.136986301369863,19.406392694063925,0.9315068493150684
exclude_nans,30,10,10,1.8,415,48.433734939759034,31.32530120481928,20.240963855421686,0.927710843373494
exclude_nans,30,10,10,1.85,396,46.21212121212121,32.57575757575758,21.21212121212121,0.9217171717171717
exclude_nans,30,10,10,1.9,373,42.89544235924933,34.584450402144775,22.5201072386059,0.9222520107238605
exclude_nans,30,10,10,1.95,356,40.44943820224719,35.95505617977528,23.595505617977526,0.9185393258426966
exclude_nans,30,10,10,2.0,342,38.30409356725146,37.13450292397661,24.561403508771928,0.9239766081871345
exclude_nans,31,10,10,1.0,643,66.40746500777604,20.21772939346812,13.374805598755831,0.9471228615863142
exclude_nans,31,10,10,1.05,633,66.0347551342812,20.379146919431278,13.58609794628752,0.9447077409162717
exclude_nans,31,10,10,1.1,628,65.92356687898089,20.382165605095544,13.694267515923567,0.9363057324840764
exclude_nans,31,10,10,1.15,616,65.42207792207793,20.616883116883116,13.96103896103896,0.9431818181818182
exclude_nans,31,10,10,1.2,607,64.90939044481054,20.922570016474467,14.168039538714991,0.942339373970346
exclude_nans,31,10,10,1.25,596,64.26174496644296,21.308724832214764,14.429530201342283,0.9429530201342282
exclude_nans,31,10,10,1.3,584,63.6986301369863,21.575342465753426,14.726027397260275,0.9434931506849316
exclude_nans,31,10,10,1.35,573,63.00174520069808,21.98952879581152,15.008726003490402,0.9424083769633508
exclude_nans,31,10,10,1.4,558,62.00716845878136,22.58064516129032,15.412186379928317,0.946236559139785
exclude_nans,31,10,10,1.45,543,60.957642725598525,23.204419889502763,15.837937384898712,0.9465930018416207
exclude_nans,31,10,10,1.5,526,59.6958174904943,23.954372623574145,16.34980988593156,0.9448669201520913
exclude_nans,31,10,10,1.55,510,58.62745098039216,24.509803921568626,16.862745098039216,0.9470588235294117
exclude_nans,31,10,10,1.6,497,57.74647887323944,24.949698189134807,17.303822937625753,0.9476861167002012
exclude_nans,31,10,10,1.65,470,55.319148936170215,26.382978723404253,18.29787234042553,0.9382978723404255
exclude_nans,31,10,10,1.7,446,53.139013452914796,27.802690582959645,19.05829596412556,0.9349775784753364
exclude_nans,31,10,10,1.75,422,50.71090047393365,29.383886255924168,19.90521327014218,0.9312796208530806
exclude_nans,31,10,10,1.8,400,48.75,30.5,20.75,0.93
exclude_nans,31,10,10,1.85,382,46.596858638743456,31.675392670157066,21.727748691099478,0.9267015706806283
exclude_nans,31,10,10,1.9,361,43.49030470914128,33.51800554016621,22.99168975069252,0.9224376731301939
exclude_nans,31,10,10,1.95,344,40.98837209302326,34.883720930232556,24.12790697674419,0.9186046511627907
exclude_nans,31,10,10,2.0,330,38.78787878787879,36.06060606060606,25.151515151515152,0.9151515151515152
exclude_nans,32,10,10,1.0,627,66.50717703349282,19.936204146730464,13.556618819776714,0.9457735247208932
exclude_nans,32,10,10,1.05,617,66.12641815235008,20.097244732576986,13.776337115072934,0.9432739059967585
exclude_nans,32,10,10,1.1,612,66.01307189542483,20.098039215686274,13.88888888888889,0.934640522875817
exclude_nans,32,10,10,1.15,600,65.5,20.333333333333332,14.166666666666666,0.9416666666666667
exclude_nans,32,10,10,1.2,591,64.9746192893401,20.642978003384094,14.382402707275805,0.9407783417935702
exclude_nans,32,10,10,1.25,580,64.3103448275862,21.03448275862069,14.655172413793101,0.9396551724137931
exclude_nans,32,10,10,1.3,568,63.732394366197184,21.30281690140845,14.964788732394366,0.9454225352112676
exclude_nans,32,10,10,1.35,557,63.016157989228006,21.723518850987432,15.260323159784562,0.9425493716337523
exclude_nans,32,10,10,1.4,542,61.99261992619927,22.324723247232473,15.682656826568268,0.948339483394834
exclude_nans,32,10,10,1.45,528,60.984848484848484,22.916666666666664,16.098484848484848,0.9393939393939394
exclude_nans,32,10,10,1.5,511,59.68688845401174,23.679060665362034,16.634050880626223,0.9373776908023483
exclude_nans,32,10,10,1.55,497,58.752515090543255,24.14486921529175,17.102615694164992,0.9416498993963782
exclude_nans,32,10,10,1.6,484,57.85123966942148,24.586776859504134,17.56198347107438,0.9400826446280992
exclude_nans,32,10,10,1.65,457,55.36105032822757,26.039387308533918,18.599562363238512,0.936542669584245
exclude_nans,32,10,10,1.7,434,53.2258064516129,27.419354838709676,19.35483870967742,0.9331797235023042
exclude_nans,32,10,10,1.75,411,50.85158150851582,28.953771289537713,20.194647201946474,0.9294403892944039
exclude_nans,32,10,10,1.8,390,48.97435897435897,30.0,21.025641025641026,0.9256410256410257
exclude_nans,32,10,10,1.85,372,46.774193548387096,31.182795698924732,22.043010752688172,0.9193548387096774
exclude_nans,32,10,10,1.9,351,43.58974358974359,33.04843304843305,23.36182336182336,0.9173789173789174
exclude_nans,32,10,10,1.95,334,41.01796407185629,34.4311377245509,24.550898203592812,0.9131736526946108
exclude_nans,32,10,10,2.0,321,38.940809968847354,35.51401869158878,25.54517133956386,0.9096573208722741
exclude_nans,33,10,10,1.0,613,66.394779771615,19.9021207177814,13.70309951060359,0.9429037520391517
exclude_nans,33,10,10,1.05,603,66.00331674958541,20.066334991708125,13.930348258706468,0.9419568822553898
exclude_nans,33,10,10,1.1,598,65.88628762541806,20.066889632107024,14.046822742474916,0.939799331103679
exclude_nans,33,10,10,1.15,587,65.41737649063032,20.272572402044293,14.310051107325384,0.9437819420783645
exclude_nans,33,10,10,1.2,578,64.87889273356402,20.588235294117645,14.53287197231834,0.9429065743944637
exclude_nans,33,10,10,1.25,567,64.19753086419753,20.98765432098765,14.814814814814813,0.9417989417989417
exclude_nans,33,10,10,1.3,556,63.66906474820144,21.223021582733814,15.107913669064748,0.9442446043165468
exclude_nans,33,10,10,1.35,545,62.93577981651376,21.65137614678899,15.412844036697248,0.944954128440367
exclude_nans,33,10,10,1.4,530,61.886792452830186,22.264150943396228,15.849056603773585,0.9490566037735849
exclude_nans,33,10,10,1.45,517,60.928433268858804,22.823984526112184,16.247582205029012,0.9458413926499033
exclude_nans,33,10,10,1.5,502,59.76095617529881,23.50597609561753,16.733067729083665,0.9402390438247012
exclude_nans,33,10,10,1.55,488,58.81147540983606,23.975409836065573,17.21311475409836,0.944672131147541
exclude_nans,33,10,10,1.6,475,57.89473684210527,24.421052631578945,17.684210526315788,0.9389473684210526
exclude_nans,33,10,10,1.65,449,55.45657015590201,25.83518930957684,18.70824053452116,0.9376391982182628
exclude_nans,33,10,10,1.7,427,53.39578454332553,27.166276346604217,19.437939110070257,0.936768149882904
exclude_nans,33,10,10,1.75,404,50.99009900990099,28.71287128712871,20.2970297029703,0.9331683168316832
exclude_nans,33,10,10,1.8,384,49.21875,29.6875,21.09375,0.9244791666666666
exclude_nans,33,10,10,1.85,367,47.13896457765668,30.79019073569482,22.070844686648503,0.9209809264305178
exclude_nans,33,10,10,1.9,346,43.93063583815029,32.65895953757225,23.410404624277454,0.9161849710982659
exclude_nans,33,10,10,1.95,329,41.33738601823708,34.04255319148936,24.620060790273556,0.9179331306990881
exclude_nans,33,10,10,2.0,316,39.24050632911392,35.12658227848101,25.63291139240506,0.9113924050632911
exclude_nans,34,10,10,1.0,599,66.2771285475793,20.03338898163606,13.689482470784641,0.9449081803005008
exclude_nans,34,10,10,1.05,589,65.87436332767402,20.203735144312393,13.921901528013583,0.9439728353140917
exclude_nans,34,10,10,1.1,584,65.75342465753424,20.205479452054796,14.04109589041096,0.9417808219178082
exclude_nans,34,10,10,1.15,574,65.33101045296166,20.38327526132404,14.285714285714285,0.945993031358885
exclude_nans,34,10,10,1.2,565,64.7787610619469,20.707964601769913,14.513274336283185,0.9451327433628318
exclude_nans,34,10,10,1.25,555,64.14414414414415,21.08108108108108,14.774774774774773,0.9441441441441442
exclude_nans,34,10,10,1.3,544,63.60294117647059,21.323529411764707,15.073529411764705,0.9540441176470589
exclude_nans,34,10,10,1.35,533,62.851782363977485,21.76360225140713,15.384615384615385,0.9530956848030019
exclude_nans,34,10,10,1.4,518,61.77606177606177,22.393822393822393,15.83011583011583,0.9517374517374517
exclude_nans,34,10,10,1.45,506,60.86956521739131,22.92490118577075,16.205533596837945,0.950592885375494
exclude_nans,34,10,10,1.5,491,59.67413441955194,23.625254582484725,16.700610997963338,0.9470468431771895
exclude_nans,34,10,10,1.55,478,58.78661087866108,24.05857740585774,17.154811715481173,0.9476987447698745
exclude_nans,34,10,10,1.6,465,57.8494623655914,24.516129032258064,17.634408602150536,0.946236559139785
exclude_nans,34,10,10,1.65,439,55.35307517084283,25.968109339407746,18.678815489749432,0.9384965831435079
exclude_nans,34,10,10,1.7,417,53.23741007194245,27.33812949640288,19.424460431654676,0.9376498800959233
exclude_nans,34,10,10,1.75,395,50.8860759493671,28.860759493670884,20.253164556962027,0.9341772151898734
exclude_nans,34,10,10,1.8,375,49.06666666666666,29.86666666666667,21.066666666666666,0.928
exclude_nans,34,10,10,1.85,358,46.927374301675975,31.00558659217877,22.067039106145252,0.9245810055865922
exclude_nans,34,10,10,1.9,337,43.62017804154303,32.93768545994065,23.44213649851632,0.9198813056379822
exclude_nans,34,10,10,1.95,320,40.9375,34.375,24.6875,0.925
exclude_nans,34,10,10,2.0,307,38.762214983713356,35.50488599348534,25.732899022801302,0.9153094462540716
exclude_nans,35,10,10,1.0,575,65.73913043478261,20.347826086956523,13.91304347826087,0.9495652173913044
exclude_nans,35,10,10,1.05,565,65.30973451327434,20.530973451327434,14.15929203539823,0.9469026548672567
exclude_nans,35,10,10,1.1,560,65.17857142857143,20.535714285714285,14.285714285714285,0.9482142857142857
exclude_nans,35,10,10,1.15,551,64.7912885662432,20.689655172413794,14.519056261343014,0.9491833030852994
exclude_nans,35,10,10,1.2,543,64.27255985267035,20.994475138121548,14.732965009208105,0.9484346224677717
exclude_nans,35,10,10,1.25,533,63.60225140712945,21.388367729831145,15.0093808630394,0.9474671669793621
exclude_nans,35,10,10,1.3,522,63.02681992337165,21.64750957854406,15.32567049808429,0.9444444444444444
exclude_nans,35,10,10,1.35,511,62.230919765166334,22.113502935420744,15.655577299412915,0.9452054794520548
exclude_nans,35,10,10,1.4,499,61.32264529058116,22.645290581162325,16.03206412825651,0.9498997995991983
exclude_nans,35,10,10,1.45,487,60.36960985626283,23.203285420944557,16.427104722792606,0.9425051334702259
exclude_nans,35,10,10,1.5,473,59.19661733615222,23.890063424947147,16.913319238900634,0.9408033826638478
exclude_nans,35,10,10,1.55,460,58.26086956521739,24.347826086956523,17.391304347826086,0.9456521739130435
exclude_nans,35,10,10,1.6,447,57.27069351230425,24.832214765100673,17.89709172259508,0.9440715883668904
exclude_nans,35,10,10,1.65,421,54.63182897862233,26.365795724465556,19.002375296912113,0.9358669833729216
exclude_nans,35,10,10,1.7,402,52.736318407960205,27.611940298507463,19.65174129353234,0.9353233830845771
exclude_nans,35,10,10,1.75,381,50.39370078740157,29.133858267716533,20.47244094488189,0.931758530183727
exclude_nans,35,10,10,1.8,362,48.61878453038674,30.11049723756906,21.2707182320442,0.9281767955801105
exclude_nans,35,10,10,1.85,345,46.3768115942029,31.30434782608696,22.318840579710145,0.9246376811594202
exclude_nans,35,10,10,1.9,325,43.07692307692308,33.23076923076923,23.692307692307693,0.92
exclude_nans,35,10,10,1.95,308,40.25974025974026,34.74025974025974,25.0,0.9188311688311688
exclude_nans,35,10,10,2.0,295,37.96610169491525,35.932203389830505,26.101694915254235,0.9152542372881356
exclude_nans,36,10,10,1.0,559,66.54740608228981,19.67799642218247,13.774597495527727,0.9516994633273703
exclude_nans,36,10,10,1.05,549,66.12021857923497,19.854280510018217,14.025500910746814,0.9489981785063752
exclude_nans,36,10,10,1.1,544,65.99264705882352,19.852941176470587,14.154411764705882,0.9411764705882353
exclude_nans,36,10,10,1.15,535,65.60747663551402,20.0,14.392523364485982,0.9495327102803738
exclude_nans,36,10,10,1.2,527,65.08538899430741,20.30360531309298,14.61100569259962,0.9487666034155597
exclude_nans,36,10,10,1.25,517,64.41005802707932,20.6963249516441,14.893617021276595,0.9477756286266924
exclude_nans,36,10,10,1.3,507,63.905325443786985,20.907297830374755,15.187376725838265,0.9447731755424064
exclude_nans,36,10,10,1.35,496,63.10483870967742,21.370967741935484,15.524193548387096,0.9455645161290323
exclude_nans,36,10,10,1.4,484,62.1900826446281,21.90082644628099,15.909090909090908,0.9483471074380165
exclude_nans,36,10,10,1.45,473,61.31078224101479,22.41014799154334,16.27906976744186,0.9429175475687104
exclude_nans,36,10,10,1.5,459,60.130718954248366,23.093681917211327,16.775599128540307,0.9411764705882353
exclude_nans,36,10,10,1.55,447,59.28411633109619,23.48993288590604,17.225950782997764,0.9485458612975392
exclude_nans,36,10,10,1.6,434,58.294930875576036,23.963133640552993,17.741935483870968,0.9470046082949308
exclude_nans,36,10,10,1.65,409,55.74572127139364,25.4278728606357,18.82640586797066,0.9364303178484108
exclude_nans,36,10,10,1.7,390,53.84615384615385,26.666666666666668,19.48717948717949,0.941025641025641
exclude_nans,36,10,10,1.75,369,51.490514905149055,28.184281842818425,20.32520325203252,0.9322493224932249
exclude_nans,36,10,10,1.8,350,49.714285714285715,29.142857142857142,21.142857142857142,0.9342857142857143
exclude_nans,36,10,10,1.85,333,47.44744744744745,30.33033033033033,22.22222222222222,0.924924924924925
exclude_nans,36,10,10,1.9,314,44.26751592356688,32.1656050955414,23.56687898089172,0.9203821656050956
exclude_nans,36,10,10,1.95,297,41.41414141414141,33.670033670033675,24.915824915824917,0.9158249158249159
exclude_nans,36,10,10,2.0,284,39.08450704225352,34.859154929577464,26.056338028169012,0.9119718309859155
exclude_nans,37,10,10,1.0,541,66.54343807763401,19.408502772643253,14.048059149722736,0.9482439926062847
exclude_nans,37,10,10,1.05,531,66.10169491525424,19.58568738229755,14.312617702448211,0.9472693032015066
exclude_nans,37,10,10,1.1,526,65.96958174904944,19.581749049429657,14.44866920152091,0.94106463878327
exclude_nans,37,10,10,1.15,517,65.57059961315281,19.729206963249517,14.70019342359768,0.9439071566731141
exclude_nans,37,10,10,1.2,509,65.0294695481336,20.039292730844792,14.931237721021612,0.9430255402750491
exclude_nans,37,10,10,1.25,499,64.32865731462925,20.440881763527056,15.230460921843688,0.9418837675350702
exclude_nans,37,10,10,1.3,489,63.80368098159509,20.654396728016362,15.541922290388548,0.9427402862985685
exclude_nans,37,10,10,1.35,478,62.97071129707113,21.12970711297071,15.899581589958158,0.9476987447698745
exclude_nans,37,10,10,1.4,467,62.098501070663815,21.627408993576015,16.274089935760173,0.9464668094218416
exclude_nans,37,10,10,1.45,457,61.2691466083151,22.100656455142232,16.630196936542667,0.9452954048140044
exclude_nans,37,10,10,1.5,443,60.0451467268623,22.799097065462753,17.155756207674944,0.9435665914221218
exclude_nans,37,10,10,1.55,432,59.02777777777778,23.37962962962963,17.59259259259259,0.9421296296296297
exclude_nans,37,10,10,1.6,420,58.0952380952381,23.809523809523807,18.095238095238095,0.9380952380952381
exclude_nans,37,10,10,1.65,396,55.55555555555556,25.252525252525253,19.19191919191919,0.9444444444444444
exclude_nans,37,10,10,1.7,378,53.70370370370371,26.455026455026452,19.841269841269842,0.9365079365079365
exclude_nans,37,10,10,1.75,357,51.26050420168067,28.011204481792717,20.72829131652661,0.9327731092436975
exclude_nans,37,10,10,1.8,339,49.557522123893804,28.908554572271388,21.533923303834808,0.9292035398230089
exclude_nans,37,10,10,1.85,323,47.368421052631575,30.030959752321984,22.60061919504644,0.9318885448916409
exclude_nans,37,10,10,1.9,306,44.44444444444444,31.699346405228756,23.856209150326798,0.9215686274509803
exclude_nans,37,10,10,1.95,289,41.522491349480966,33.21799307958477,25.259515570934255,0.9204152249134948
exclude_nans,37,10,10,2.0,276,39.130434782608695,34.42028985507246,26.44927536231884,0.9130434782608695
exclude_nans,38,10,10,1.0,522,67.04980842911877,18.582375478927204,14.367816091954023,0.946360153256705
exclude_nans,38,10,10,1.05,512,66.6015625,18.75,14.6484375,0.947265625
exclude_nans,38,10,10,1.1,507,66.46942800788955,18.73767258382643,14.792899408284024,0.9388560157790927
exclude_nans,38,10,10,1.15,500,66.2,18.8,15.0,0.948
exclude_nans,38,10,10,1.2,493,65.72008113590265,19.066937119675455,15.212981744421908,0.947261663286004
exclude_nans,38,10,10,1.25,483,65.0103519668737,19.461697722567287,15.527950310559005,0.9461697722567288
exclude_nans,38,10,10,1.3,474,64.55696202531645,19.62025316455696,15.822784810126583,0.9472573839662447
exclude_nans,38,10,10,1.35,463,63.714902807775374,20.086393088552914,16.19870410367171,0.9438444924406048
exclude_nans,38,10,10,1.4,452,62.83185840707964,20.575221238938052,16.5929203539823,0.9446902654867256
exclude_nans,38,10,10,1.45,442,61.990950226244344,21.040723981900452,16.968325791855204,0.9434389140271493
exclude_nans,38,10,10,1.5,428,60.747663551401864,21.72897196261682,17.523364485981308,0.9415887850467289
exclude_nans,38,10,10,1.55,417,59.71223021582733,22.302158273381295,17.985611510791365,0.9400479616306955
exclude_nans,38,10,10,1.6,406,58.86699507389162,22.660098522167488,18.472906403940886,0.9433497536945813
exclude_nans,38,10,10,1.65,382,56.282722513089,24.083769633507853,19.63350785340314,0.9450261780104712
exclude_nans,38,10,10,1.7,364,54.395604395604394,25.274725274725274,20.32967032967033,0.945054945054945
exclude_nans,38,10,10,1.75,343,51.89504373177842,26.82215743440233,21.282798833819243,0.9387755102040817
exclude_nans,38,10,10,1.8,326,50.0,27.914110429447852,22.085889570552148,0.9325153374233128
exclude_nans,38,10,10,1.85,312,48.07692307692308,28.846153846153843,23.076923076923077,0.9262820512820513
exclude_nans,38,10,10,1.9,295,45.08474576271186,30.508474576271187,24.40677966101695,0.9186440677966101
exclude_nans,38,10,10,1.95,278,42.086330935251794,32.014388489208635,25.899280575539567,0.9172661870503597
exclude_nans,38,10,10,2.0,265,39.62264150943396,33.20754716981132,27.169811320754718,0.9056603773584906
exclude_nans,39,10,10,1.0,502,67.52988047808765,17.729083665338646,14.741035856573706,0.9442231075697212
exclude_nans,39,10,10,1.05,492,67.07317073170732,17.88617886178862,15.040650406504067,0.943089430894309
exclude_nans,39,10,10,1.1,487,66.94045174537987,17.864476386036962,15.195071868583163,0.9425051334702259
exclude_nans,39,10,10,1.15,480,66.66666666666666,17.916666666666668,15.416666666666668,0.9458333333333333
exclude_nans,39,10,10,1.2,474,66.24472573839662,18.143459915611814,15.611814345991561,0.9388185654008439
exclude_nans,39,10,10,1.25,465,65.59139784946237,18.494623655913976,15.913978494623656,0.9376344086021505
exclude_nans,39,10,10,1.3,456,65.13157894736842,18.640350877192983,16.228070175438596,0.9385964912280702
exclude_nans,39,10,10,1.35,445,64.26966292134831,19.101123595505616,16.629213483146067,0.9370786516853933
exclude_nans,39,10,10,1.4,434,63.36405529953917,19.5852534562212,17.050691244239633,0.9354838709677419
exclude_nans,39,10,10,1.45,424,62.5,20.047169811320757,17.452830188679243,0.9363207547169812
exclude_nans,39,10,10,1.5,410,61.21951219512195,20.73170731707317,18.048780487804876,0.9365853658536586
exclude_nans,39,10,10,1.55,399,60.150375939849624,21.303258145363408,18.546365914786968,0.9348370927318296
exclude_nans,39,10,10,1.6,389,59.383033419023135,21.59383033419023,19.02313624678663,0.9408740359897172
exclude_nans,39,10,10,1.65,367,56.94822888283378,22.888283378746593,20.16348773841962,0.9400544959128065
exclude_nans,39,10,10,1.7,349,55.014326647564474,24.068767908309454,20.916905444126073,0.9455587392550143
exclude_nans,39,10,10,1.75,328,52.4390243902439,25.609756097560975,21.951219512195124,0.9359756097560976
exclude_nans,39,10,10,1.8,311,50.482315112540185,26.688102893890676,22.829581993569132,0.9292604501607717
exclude_nans,39,10,10,1.85,297,48.484848484848484,27.609427609427613,23.905723905723907,0.9225589225589226
exclude_nans,39,10,10,1.9,280,45.357142857142854,29.28571428571429,25.357142857142854,0.9214285714285714
exclude_nans,39,10,10,1.95,264,42.42424242424242,30.681818181818183,26.89393939393939,0.9128787878787878
exclude_nans,39,10,10,2.0,253,39.920948616600796,32.015810276679844,28.063241106719367,0.9090909090909091
exclude_nans,40,10,10,1.0,480,68.125,16.666666666666664,15.208333333333332,0.9479166666666666
exclude_nans,40,10,10,1.05,470,67.65957446808511,16.80851063829787,15.53191489361702,0.948936170212766
exclude_nans,40,10,10,1.1,465,67.52688172043011,16.7741935483871,15.698924731182796,0.9419354838709677
exclude_nans,40,10,10,1.15,458,67.24890829694323,16.812227074235807,15.938864628820962,0.9432314410480349
exclude_nans,40,10,10,1.2,452,66.8141592920354,17.035398230088493,16.150442477876105,0.9424778761061947
exclude_nans,40,10,10,1.25,443,66.13995485327314,17.381489841986454,16.478555304740404,0.9413092550790068
exclude_nans,40,10,10,1.3,435,65.74712643678161,17.47126436781609,16.7816091954023,0.9402298850574713
exclude_nans,40,10,10,1.35,425,64.94117647058823,17.88235294117647,17.176470588235293,0.9388235294117647
exclude_nans,40,10,10,1.4,414,64.00966183574879,18.357487922705314,17.632850241545896,0.9371980676328503
exclude_nans,40,10,10,1.45,404,63.11881188118812,18.81188118811881,18.06930693069307,0.9356435643564357
exclude_nans,40,10,10,1.5,390,61.794871794871796,19.48717948717949,18.71794871794872,0.9333333333333333
exclude_nans,40,10,10,1.55,379,60.68601583113457,20.052770448548813,19.261213720316622,0.9340369393139841
exclude_nans,40,10,10,1.6,370,59.72972972972973,20.54054054054054,19.72972972972973,0.9324324324324325
exclude_nans,40,10,10,1.65,348,57.18390804597702,21.839080459770116,20.977011494252874,0.9310344827586207
exclude_nans,40,10,10,1.7,330,55.15151515151515,23.03030303030303,21.818181818181817,0.9393939393939394
exclude_nans,40,10,10,1.75,309,52.42718446601942,24.59546925566343,22.97734627831715,0.9320388349514563
exclude_nans,40,10,10,1.8,292,50.34246575342466,25.684931506849317,23.972602739726025,0.9178082191780822
exclude_nans,40,10,10,1.85,278,48.201438848920866,26.618705035971225,25.179856115107913,0.9172661870503597
exclude_nans,40,10,10,1.9,262,45.038167938931295,28.24427480916031,26.717557251908396,0.9083969465648855
exclude_nans,40,10,10,1.95,246,41.86991869918699,29.67479674796748,28.455284552845526,0.9065040650406504
exclude_nans,40,10,10,2.0,236,39.40677966101695,30.93220338983051,29.66101694915254,0.902542372881356
